victim,sample_index,raw_success,natural,effective_success,raw_query,effective_query
CLIP ViT-B/16,0,False,False,False,100,100
CLIP ViT-B/16,1,True,True,True,3,3
CLIP ViT-B/16,2,True,True,True,8,8
CLIP ViT-B/16,3,True,True,True,3,3
CLIP ViT-B/16,4,True,True,True,15,15
CLIP ViT-B/16,5,True,True,True,5,5
CLIP ViT-B/16,6,True,True,True,3,3
CLIP ViT-B/16,8,True,True,True,28,28
CLIP ViT-B/16,10,False,False,False,100,100
CLIP ViT-B/16,11,True,True,True,8,8
CLIP ViT-B/16,12,True,True,True,18,18
CLIP ViT-B/16,13,True,True,True,3,3
CLIP ViT-B/16,14,False,False,False,100,100
CLIP ViT-B/16,15,False,False,False,100,100
CLIP ViT-B/16,16,True,True,True,5,5
CLIP ViT-B/16,17,True,True,True,3,3
CLIP ViT-B/16,19,True,True,True,3,3
CLIP ViT-B/16,20,True,True,True,13,13
CLIP ViT-B/16,21,True,True,True,13,13
CLIP ViT-B/16,22,True,True,True,3,3
CLIP ViT-B/16,23,False,False,False,100,100
CLIP ViT-B/16,24,True,True,True,3,3
CLIP ViT-B/16,25,False,False,False,100,100
CLIP ViT-B/16,27,True,True,True,15,15
CLIP ViT-B/16,30,False,False,False,100,100
CLIP ViT-B/16,31,True,True,True,3,3
CLIP ViT-B/16,32,True,True,True,48,48
CLIP ViT-B/16,33,False,False,False,100,100
CLIP ViT-B/16,34,False,False,False,100,100
CLIP ViT-B/16,35,True,True,True,3,3
CLIP ViT-B/16,36,True,True,True,70,70
CLIP ViT-B/16,37,True,True,True,3,3
CLIP ViT-B/16,39,False,False,False,100,100
CLIP ViT-B/16,40,False,False,False,100,100
CLIP ViT-B/16,41,True,True,True,3,3
CLIP ViT-B/16,42,True,True,True,5,5
CLIP ViT-B/16,43,True,True,True,3,3
CLIP ViT-B/16,45,True,True,True,3,3
CLIP ViT-B/16,47,True,True,True,3,3
CLIP ViT-B/16,49,True,True,True,5,5
CLIP ViT-B/16,50,True,True,True,60,60
CLIP ViT-B/16,51,False,False,False,100,100
CLIP ViT-B/16,52,True,True,True,3,3
CLIP ViT-B/16,53,True,True,True,5,5
CLIP ViT-B/16,54,True,True,True,5,5
CLIP ViT-B/16,55,True,True,True,3,3
CLIP ViT-B/16,56,True,True,True,3,3
CLIP ViT-B/16,57,True,True,True,3,3
CLIP ViT-B/16,58,True,True,True,5,5
CLIP ViT-B/16,59,True,True,True,25,25
CLIP ViT-B/16,60,True,True,True,8,8
CLIP ViT-B/16,61,True,True,True,8,8
CLIP ViT-B/16,62,True,True,True,3,3
CLIP ViT-B/16,64,True,True,True,10,10
CLIP ViT-B/16,66,True,True,True,3,3
CLIP ViT-B/16,68,True,True,True,3,3
CLIP ViT-B/16,69,True,True,True,3,3
CLIP ViT-B/16,70,True,True,True,30,30
CLIP ViT-B/16,71,True,True,True,15,15
CLIP ViT-B/16,72,True,True,True,5,5
CLIP ViT-B/16,73,True,True,True,15,15
CLIP ViT-B/16,75,True,True,True,3,3
CLIP ViT-B/16,76,False,False,False,100,100
CLIP ViT-B/16,77,True,True,True,3,3
CLIP ViT-B/16,78,True,True,True,38,38
CLIP ViT-B/16,79,True,True,True,3,3
CLIP ViT-B/16,80,True,True,True,3,3
CLIP ViT-B/16,81,True,True,True,35,35
CLIP ViT-B/16,84,False,False,False,100,100
CLIP ViT-B/16,85,True,True,True,20,20
CLIP ViT-B/16,87,True,True,True,20,20
CLIP ViT-B/16,88,True,True,True,13,13
CLIP ViT-B/16,89,True,True,True,5,5
CLIP ViT-B/16,90,True,True,True,5,5
CLIP ViT-B/16,91,False,False,False,100,100
CLIP ViT-B/16,92,True,True,True,38,38
CLIP ViT-B/16,93,False,False,False,100,100
CLIP ViT-B/16,94,True,True,True,28,28
CLIP ViT-B/16,95,True,True,True,5,5
CLIP ViT-B/16,100,True,True,True,3,3
CLIP ViT-B/16,101,True,True,True,5,5
CLIP ViT-B/16,102,True,True,True,3,3
CLIP ViT-B/16,103,False,False,False,100,100
CLIP ViT-B/16,105,True,True,True,5,5
CLIP ViT-B/16,106,True,True,True,8,8
CLIP ViT-B/16,108,True,True,True,5,5
CLIP ViT-B/16,111,True,True,True,13,13
CLIP ViT-B/16,112,False,False,False,100,100
CLIP ViT-B/16,113,True,True,True,3,3
CLIP ViT-B/16,114,True,True,True,10,10
CLIP ViT-B/16,115,True,True,True,3,3
CLIP ViT-B/16,116,True,True,True,13,13
CLIP ViT-B/16,117,False,False,False,100,100
CLIP ViT-B/16,118,True,True,True,66,66
CLIP ViT-B/16,120,True,True,True,8,8
CLIP ViT-B/16,121,True,True,True,5,5
CLIP ViT-B/16,122,True,True,True,3,3
CLIP ViT-B/16,123,True,True,True,49,49
CLIP ViT-B/16,125,True,True,True,3,3
CLIP ViT-B/16,126,True,True,True,18,18
CLIP ViT-B/16,127,True,True,True,3,3
CLIP ViT-B/16,128,True,True,True,3,3
CLIP ViT-B/16,129,True,True,True,3,3
CLIP ViT-B/16,130,True,True,True,3,3
CLIP ViT-B/16,131,True,True,True,3,3
CLIP ViT-B/16,132,True,True,True,3,3
CLIP ViT-B/16,133,True,True,True,3,3
CLIP ViT-B/16,134,True,True,True,3,3
CLIP ViT-B/16,135,True,True,True,13,13
CLIP ViT-B/16,136,True,True,True,3,3
CLIP ViT-B/16,138,True,True,True,5,5
CLIP ViT-B/16,139,True,True,True,30,30
CLIP ViT-B/16,141,True,True,True,3,3
CLIP ViT-B/16,143,True,True,True,3,3
CLIP ViT-B/16,144,True,True,True,20,20
CLIP ViT-B/16,145,True,True,True,3,3
CLIP ViT-B/16,146,False,False,False,100,100
CLIP ViT-B/16,148,True,True,True,8,8
CLIP ViT-B/16,149,True,True,True,38,38
CLIP ViT-B/16,150,True,True,True,5,5
CLIP ViT-B/16,151,True,True,True,15,15
CLIP ViT-B/16,152,True,True,True,10,10
CLIP ViT-B/16,153,True,True,True,20,20
CLIP ViT-B/16,155,True,True,True,8,8
CLIP ViT-B/16,156,True,True,True,5,5
CLIP ViT-B/16,157,True,True,True,18,18
CLIP ViT-B/16,158,True,True,True,18,18
CLIP ViT-B/16,159,True,True,True,30,30
CLIP ViT-B/16,160,False,False,False,100,100
CLIP ViT-B/16,162,True,True,True,20,20
CLIP ViT-B/16,163,True,True,True,3,3
CLIP ViT-B/16,164,True,True,True,3,3
CLIP ViT-B/16,166,True,True,True,8,8
CLIP ViT-B/16,167,True,True,True,53,53
CLIP ViT-B/16,168,True,True,True,3,3
CLIP ViT-B/16,170,True,True,True,3,3
CLIP ViT-B/16,172,True,True,True,13,13
CLIP ViT-B/16,174,True,True,True,20,20
CLIP ViT-B/16,175,True,True,True,28,28
CLIP ViT-B/16,176,False,False,False,100,100
CLIP ViT-B/16,178,False,False,False,100,100
CLIP ViT-B/16,180,False,False,False,100,100
CLIP ViT-B/16,181,True,True,True,15,15
CLIP ViT-B/16,184,True,True,True,3,3
CLIP ViT-B/16,185,True,True,True,5,5
CLIP ViT-B/16,186,True,True,True,3,3
CLIP ViT-B/16,187,True,True,True,3,3
CLIP ViT-B/16,188,True,True,True,5,5
CLIP ViT-B/16,189,True,True,True,8,8
CLIP ViT-B/16,190,True,True,True,5,5
CLIP ViT-B/16,191,True,True,True,38,38
CLIP ViT-B/16,192,True,True,True,3,3
CLIP ViT-B/16,193,True,True,True,23,23
CLIP ViT-B/16,196,True,True,True,3,3
CLIP ViT-B/16,198,True,True,True,8,8
CLIP ViT-B/16,199,True,True,True,3,3
CLIP ViT-B/16,200,True,True,True,3,3
CLIP ViT-B/16,201,True,True,True,3,3
CLIP ViT-B/16,202,True,True,True,10,10
CLIP ViT-B/16,203,True,True,True,48,48
CLIP ViT-B/16,205,True,True,True,18,18
CLIP ViT-B/16,206,False,False,False,100,100
CLIP ViT-B/16,207,True,True,True,88,88
CLIP ViT-B/16,208,False,False,False,100,100
CLIP ViT-B/16,209,False,False,False,100,100
CLIP ViT-B/16,210,True,True,True,10,10
CLIP ViT-B/16,215,True,True,True,3,3
CLIP ViT-B/16,216,True,True,True,75,75
CLIP ViT-B/16,218,True,True,True,10,10
CLIP ViT-B/16,219,True,True,True,5,5
CLIP ViT-B/16,221,True,True,True,25,25
CLIP ViT-B/16,222,True,True,True,3,3
CLIP ViT-B/16,223,True,True,True,8,8
CLIP ViT-B/16,224,False,False,False,100,100
CLIP ViT-B/16,225,True,True,True,23,23
CLIP ViT-B/16,227,True,True,True,8,8
CLIP ViT-B/16,228,True,True,True,8,8
CLIP ViT-B/16,229,False,False,False,100,100
CLIP ViT-B/16,231,True,True,True,3,3
CLIP ViT-B/16,232,True,True,True,5,5
CLIP ViT-B/16,233,True,True,True,8,8
CLIP ViT-B/16,234,True,True,True,60,60
CLIP ViT-B/16,235,True,True,True,18,18
CLIP ViT-B/16,236,True,True,True,3,3
CLIP ViT-B/16,237,True,True,True,3,3
CLIP ViT-B/16,238,True,True,True,38,38
CLIP ViT-B/16,239,True,True,True,3,3
CLIP ViT-B/16,240,True,True,True,5,5
CLIP ViT-B/16,242,True,True,True,18,18
CLIP ViT-B/16,243,True,True,True,5,5
CLIP ViT-B/16,244,True,True,True,10,10
CLIP ViT-B/16,245,True,True,True,10,10
CLIP ViT-B/16,246,True,True,True,10,10
CLIP ViT-B/16,247,False,False,False,100,100
CLIP ViT-B/16,248,True,True,True,3,3
CLIP ViT-B/16,249,True,True,True,3,3
CLIP ViT-B/16,250,True,True,True,8,8
CLIP ViT-B/16,252,True,True,True,3,3
CLIP ViT-B/16,253,True,True,True,28,28
CLIP ViT-B/16,254,True,True,True,15,15
CLIP ViT-B/16,255,True,True,True,60,60
CLIP ViT-B/16,256,True,True,True,3,3
CLIP ViT-B/16,257,False,False,False,100,100
CLIP ViT-B/16,258,True,True,True,3,3
CLIP ViT-B/16,259,True,True,True,15,15
CLIP ViT-B/16,260,True,True,True,3,3
CLIP ViT-B/16,262,True,True,True,3,3
CLIP ViT-B/16,263,True,True,True,3,3
CLIP ViT-B/16,264,True,True,True,3,3
CLIP ViT-B/16,267,True,True,True,3,3
CLIP ViT-B/16,268,True,True,True,5,5
CLIP ViT-B/16,269,True,True,True,8,8
CLIP ViT-B/16,270,True,True,True,3,3
CLIP ViT-B/16,271,True,True,True,3,3
CLIP ViT-B/16,273,False,False,False,100,100
CLIP ViT-B/16,274,True,True,True,53,53
CLIP ViT-B/16,275,True,True,True,3,3
CLIP ViT-B/16,277,True,True,True,3,3
CLIP ViT-B/16,280,True,True,True,3,3
CLIP ViT-B/16,281,True,True,True,3,3
CLIP ViT-B/16,283,True,True,True,3,3
CLIP ViT-B/16,284,True,True,True,3,3
CLIP ViT-B/16,285,True,True,True,33,33
CLIP ViT-B/16,287,False,False,False,100,100
CLIP ViT-B/16,288,True,True,True,3,3
CLIP ViT-B/16,289,False,False,False,100,100
CLIP ViT-B/16,290,True,True,True,8,8
CLIP ViT-B/16,291,True,True,True,15,15
CLIP ViT-B/16,292,True,True,True,8,8
CLIP ViT-B/16,293,True,True,True,3,3
CLIP ViT-B/16,294,True,True,True,15,15
CLIP ViT-B/16,296,True,True,True,3,3
CLIP ViT-B/16,297,True,True,True,18,18
CLIP ViT-B/16,298,True,True,True,3,3
CLIP ViT-B/16,299,True,True,True,3,3
CLIP ViT-B/16,301,True,True,True,33,33
CLIP ViT-B/16,302,True,True,True,10,10
CLIP ViT-B/16,303,True,True,True,5,5
CLIP ViT-B/16,304,True,True,True,5,5
CLIP ViT-B/16,305,False,False,False,100,100
CLIP ViT-B/16,307,True,True,True,10,10
CLIP ViT-B/16,309,True,True,True,3,3
CLIP ViT-B/16,310,False,False,False,100,100
CLIP ViT-B/16,311,True,True,True,3,3
CLIP ViT-B/16,313,True,True,True,13,13
CLIP ViT-B/16,314,True,True,True,3,3
CLIP ViT-B/16,315,True,True,True,3,3
CLIP ViT-B/16,316,False,False,False,100,100
CLIP ViT-B/16,317,True,True,True,8,8
CLIP ViT-B/16,318,True,True,True,35,35
CLIP ViT-B/16,319,True,True,True,3,3
CLIP ViT-B/16,320,True,True,True,8,8
CLIP ViT-B/16,322,True,True,True,35,35
CLIP ViT-B/16,323,True,True,True,3,3
CLIP ViT-B/16,324,True,True,True,3,3
CLIP ViT-B/16,326,True,True,True,3,3
CLIP ViT-B/16,329,True,True,True,3,3
CLIP ViT-B/16,333,True,True,True,5,5
CLIP ViT-B/16,334,True,True,True,54,54
CLIP ViT-B/16,335,True,True,True,48,48
CLIP ViT-B/16,336,True,True,True,10,10
CLIP ViT-B/16,338,True,True,True,20,20
CLIP ViT-B/16,339,True,True,True,3,3
CLIP ViT-B/16,340,True,True,True,3,3
CLIP ViT-B/16,341,True,True,True,3,3
CLIP ViT-B/16,343,True,True,True,8,8
CLIP ViT-B/16,344,True,True,True,8,8
CLIP ViT-B/16,346,True,True,True,3,3
CLIP ViT-B/16,347,True,True,True,10,10
CLIP ViT-B/16,348,True,True,True,18,18
CLIP ViT-B/16,349,False,False,False,100,100
CLIP ViT-B/16,350,True,True,True,3,3
CLIP ViT-B/16,351,True,True,True,3,3
CLIP ViT-B/16,352,True,True,True,3,3
CLIP ViT-B/16,354,True,True,True,3,3
CLIP ViT-B/16,356,True,True,True,8,8
CLIP ViT-B/16,357,True,True,True,10,10
CLIP ViT-B/16,358,True,True,True,18,18
CLIP ViT-B/16,359,True,True,True,35,35
CLIP ViT-B/16,360,True,True,True,5,5
CLIP ViT-B/16,362,True,True,True,23,23
CLIP ViT-B/16,363,True,True,True,5,5
CLIP ViT-B/16,364,False,False,False,100,100
CLIP ViT-B/16,365,True,True,True,3,3
CLIP ViT-B/16,366,True,True,True,10,10
CLIP ViT-B/16,367,False,False,False,100,100
CLIP ViT-B/16,368,True,True,True,3,3
CLIP ViT-B/16,369,True,True,True,28,28
CLIP ViT-B/16,370,True,True,True,28,28
CLIP ViT-B/16,372,True,True,True,3,3
CLIP ViT-B/16,375,True,True,True,8,8
CLIP ViT-B/16,377,True,True,True,3,3
CLIP ViT-B/16,378,True,True,True,5,5
CLIP ViT-B/16,379,False,False,False,100,100
CLIP ViT-B/16,381,True,True,True,3,3
CLIP ViT-B/16,382,True,True,True,8,8
CLIP ViT-B/16,383,True,True,True,18,18
CLIP ViT-B/16,384,True,True,True,3,3
CLIP ViT-B/16,387,True,True,True,35,35
CLIP ViT-B/16,388,True,True,True,3,3
CLIP ViT-B/16,389,True,True,True,3,3
CLIP ViT-B/16,390,True,True,True,10,10
CLIP ViT-B/16,391,True,True,True,30,30
CLIP ViT-B/16,392,False,False,False,100,100
CLIP ViT-B/16,393,True,True,True,8,8
CLIP ViT-B/16,394,False,False,False,100,100
CLIP ViT-B/16,395,True,True,True,3,3
CLIP ViT-B/16,396,False,False,False,100,100
CLIP ViT-B/16,397,True,True,True,53,53
CLIP ViT-B/16,398,True,True,True,8,8
CLIP ViT-B/16,399,False,False,False,100,100
CLIP ViT-B/16,400,True,True,True,10,10
CLIP ViT-B/16,401,True,True,True,10,10
CLIP ViT-B/16,402,False,False,False,100,100
CLIP ViT-B/16,403,False,False,False,100,100
CLIP ViT-B/16,404,True,True,True,13,13
CLIP ViT-B/16,405,True,True,True,5,5
CLIP ViT-B/16,406,True,True,True,8,8
CLIP ViT-B/16,407,True,True,True,3,3
CLIP ViT-B/16,408,True,True,True,8,8
CLIP ViT-B/16,410,True,True,True,5,5
CLIP ViT-B/16,412,True,True,True,3,3
CLIP ViT-B/16,413,True,True,True,8,8
CLIP ViT-B/16,414,True,True,True,8,8
CLIP ViT-B/16,415,True,True,True,8,8
CLIP ViT-B/16,416,True,True,True,40,40
CLIP ViT-B/16,417,True,True,True,3,3
CLIP ViT-B/16,419,True,True,True,3,3
CLIP ViT-B/16,421,True,True,True,35,35
CLIP ViT-B/16,422,True,True,True,8,8
CLIP ViT-B/16,426,False,False,False,100,100
CLIP ViT-B/16,427,True,True,True,5,5
CLIP ViT-B/16,428,True,True,True,5,5
CLIP ViT-B/16,429,True,True,True,8,8
CLIP ViT-B/16,430,True,True,True,5,5
CLIP ViT-B/16,431,True,True,True,3,3
CLIP ViT-B/16,432,True,True,True,3,3
CLIP ViT-B/16,434,True,True,True,3,3
CLIP ViT-B/16,436,False,False,False,100,100
CLIP ViT-B/16,438,True,True,True,8,8
CLIP ViT-B/16,439,False,False,False,100,100
CLIP ViT-B/16,440,True,True,True,15,15
CLIP ViT-B/16,441,True,True,True,3,3
CLIP ViT-B/16,443,False,False,False,100,100
CLIP ViT-B/16,444,True,True,True,3,3
CLIP ViT-B/16,445,True,True,True,3,3
CLIP ViT-B/16,446,True,True,True,3,3
CLIP ViT-B/16,447,True,True,True,3,3
CLIP ViT-B/16,449,True,True,True,3,3
CLIP ViT-B/16,450,False,False,False,100,100
CLIP ViT-B/16,451,True,True,True,8,8
CLIP ViT-B/16,452,True,True,True,3,3
CLIP ViT-B/16,453,True,True,True,40,40
CLIP ViT-B/16,455,True,True,True,3,3
CLIP ViT-B/16,457,False,False,False,100,100
CLIP ViT-B/16,459,False,False,False,100,100
CLIP ViT-B/16,460,True,True,True,3,3
CLIP ViT-B/16,461,False,False,False,100,100
CLIP ViT-B/16,462,True,True,True,8,8
CLIP ViT-B/16,464,True,True,True,10,10
CLIP ViT-B/16,465,True,True,True,10,10
CLIP ViT-B/16,466,True,True,True,3,3
CLIP ViT-B/16,467,True,True,True,10,10
CLIP ViT-B/16,468,True,True,True,5,5
CLIP ViT-B/16,469,True,True,True,8,8
CLIP ViT-B/16,470,False,False,False,100,100
CLIP ViT-B/16,472,True,True,True,3,3
CLIP ViT-B/16,473,False,False,False,100,100
CLIP ViT-B/16,474,True,True,True,3,3
CLIP ViT-B/16,475,True,True,True,3,3
CLIP ViT-B/16,477,True,True,True,50,50
CLIP ViT-B/16,478,True,True,True,3,3
CLIP ViT-B/16,479,True,True,True,4,4
CLIP ViT-B/16,481,True,True,True,3,3
CLIP ViT-B/16,482,True,True,True,24,24
CLIP ViT-B/16,483,True,True,True,3,3
CLIP ViT-B/16,485,True,True,True,3,3
CLIP ViT-B/16,486,True,True,True,3,3
CLIP ViT-B/16,488,False,False,False,100,100
CLIP ViT-B/16,489,True,True,True,35,35
CLIP ViT-B/16,490,True,True,True,3,3
CLIP ViT-B/16,491,True,True,True,8,8
CLIP ViT-B/16,492,True,True,True,8,8
CLIP ViT-B/16,493,True,True,True,18,18
CLIP ViT-B/16,494,True,True,True,15,15
CLIP ViT-B/16,496,True,True,True,3,3
CLIP ViT-B/16,497,False,False,False,100,100
CLIP ViT-B/16,498,False,False,False,100,100
CLIP ViT-B/16,499,True,True,True,3,3
CLIP ViT-B/16,501,True,True,True,3,3
CLIP ViT-B/16,503,True,True,True,3,3
CLIP ViT-B/16,504,False,False,False,100,100
CLIP ViT-B/16,505,True,True,True,10,10
CLIP ViT-B/16,508,True,True,True,13,13
CLIP ViT-B/16,509,True,True,True,3,3
CLIP ViT-B/16,510,False,False,False,100,100
CLIP ViT-B/16,512,True,True,True,13,13
CLIP ViT-B/16,513,True,True,True,28,28
CLIP ViT-B/16,514,True,True,True,8,8
CLIP ViT-B/16,515,True,True,True,3,3
CLIP ViT-B/16,517,True,True,True,3,3
CLIP ViT-B/16,518,False,False,False,100,100
CLIP ViT-B/16,519,True,True,True,3,3
CLIP ViT-B/16,521,True,True,True,3,3
CLIP ViT-B/16,522,True,True,True,10,10
CLIP ViT-B/16,523,True,True,True,33,33
CLIP ViT-B/16,524,True,True,True,3,3
CLIP ViT-B/16,525,True,True,True,88,88
CLIP ViT-B/16,528,True,True,True,3,3
CLIP ViT-B/16,529,True,True,True,3,3
CLIP ViT-B/16,531,True,True,True,20,20
CLIP ViT-B/16,532,True,True,True,3,3
CLIP ViT-B/16,534,True,True,True,10,10
CLIP ViT-B/16,535,True,True,True,8,8
CLIP ViT-B/16,536,False,False,False,100,100
CLIP ViT-B/16,538,False,False,False,100,100
CLIP ViT-B/16,540,True,True,True,3,3
CLIP ViT-B/16,541,True,True,True,3,3
CLIP ViT-B/16,543,True,True,True,8,8
CLIP ViT-B/16,544,True,True,True,3,3
CLIP ViT-B/16,545,False,False,False,100,100
CLIP ViT-B/16,546,True,True,True,28,28
CLIP ViT-B/16,547,True,True,True,27,27
CLIP ViT-B/16,548,True,True,True,3,3
CLIP ViT-B/16,549,False,False,False,100,100
CLIP ViT-B/16,550,True,True,True,5,5
CLIP ViT-B/16,551,True,True,True,10,10
CLIP ViT-B/16,552,True,True,True,8,8
CLIP ViT-B/16,553,True,True,True,8,8
CLIP ViT-B/16,554,True,True,True,3,3
CLIP ViT-B/16,555,True,True,True,3,3
CLIP ViT-B/16,556,True,True,True,3,3
CLIP ViT-B/16,557,True,True,True,3,3
CLIP ViT-B/16,558,True,True,True,84,84
CLIP ViT-B/16,559,True,True,True,8,8
CLIP ViT-B/16,560,True,True,True,3,3
CLIP ViT-B/16,561,True,True,True,8,8
CLIP ViT-B/16,562,True,True,True,10,10
CLIP ViT-B/16,564,False,False,False,100,100
CLIP ViT-B/16,565,True,True,True,23,23
CLIP ViT-B/16,566,False,False,False,100,100
CLIP ViT-B/16,568,True,True,True,3,3
CLIP ViT-B/16,571,True,True,True,3,3
CLIP ViT-B/16,573,True,True,True,3,3
CLIP ViT-B/16,575,True,True,True,8,8
CLIP ViT-B/16,577,True,True,True,3,3
CLIP ViT-B/16,578,False,False,False,100,100
CLIP ViT-B/16,580,True,True,True,3,3
CLIP ViT-B/16,582,True,True,True,3,3
CLIP ViT-B/16,583,False,False,False,100,100
CLIP ViT-B/16,584,True,True,True,3,3
CLIP ViT-B/16,585,True,True,True,55,55
CLIP ViT-B/16,586,True,True,True,5,5
CLIP ViT-B/16,588,True,True,True,3,3
CLIP ViT-B/16,589,True,True,True,5,5
CLIP ViT-B/16,590,True,True,True,3,3
CLIP ViT-B/16,591,True,True,True,3,3
CLIP ViT-B/16,592,True,True,True,40,40
CLIP ViT-B/16,593,True,True,True,3,3
CLIP ViT-B/16,594,False,False,False,100,100
CLIP ViT-B/16,595,True,True,True,8,8
CLIP ViT-B/16,596,False,False,False,100,100
CLIP ViT-B/16,598,True,True,True,20,20
CLIP ViT-B/16,599,True,True,True,3,3
CLIP ViT-B/16,600,True,True,True,3,3
CLIP ViT-B/16,601,True,True,True,8,8
CLIP ViT-B/16,602,True,True,True,5,5
CLIP ViT-B/16,603,True,True,True,69,69
CLIP ViT-B/16,605,True,True,True,15,15
CLIP ViT-B/16,606,True,True,True,23,23
CLIP ViT-B/16,607,False,False,False,100,100
CLIP ViT-B/16,608,True,True,True,18,18
CLIP ViT-B/16,609,True,True,True,3,3
CLIP ViT-B/16,610,True,True,True,98,98
CLIP ViT-B/16,611,True,True,True,3,3
CLIP ViT-B/16,612,False,False,False,100,100
CLIP ViT-B/16,614,False,False,False,100,100
CLIP ViT-B/16,615,True,True,True,3,3
CLIP ViT-B/16,616,True,True,True,3,3
CLIP ViT-B/16,617,True,True,True,3,3
CLIP ViT-B/16,619,True,True,True,3,3
CLIP ViT-B/16,621,True,True,True,3,3
CLIP ViT-B/16,622,True,True,True,3,3
CLIP ViT-B/16,623,True,True,True,30,30
CLIP ViT-B/16,624,False,False,False,100,100
CLIP ViT-B/16,625,True,True,True,18,18
CLIP ViT-B/16,626,True,True,True,5,5
CLIP ViT-B/16,627,True,True,True,15,15
CLIP ViT-B/16,628,False,False,False,100,100
CLIP ViT-B/16,631,True,True,True,15,15
CLIP ViT-B/16,632,True,True,True,40,40
CLIP ViT-B/16,636,True,True,True,3,3
CLIP ViT-B/16,637,True,True,True,8,8
CLIP ViT-B/16,638,True,True,True,3,3
CLIP ViT-B/16,639,True,True,True,3,3
CLIP ViT-B/16,640,True,True,True,3,3
CLIP ViT-B/16,641,True,True,True,3,3
CLIP ViT-B/16,643,True,True,True,8,8
CLIP ViT-B/16,644,True,True,True,31,31
CLIP ViT-B/16,645,True,True,True,3,3
CLIP ViT-B/16,646,True,True,True,3,3
CLIP ViT-B/16,648,True,True,True,10,10
CLIP ViT-B/16,649,True,True,True,3,3
CLIP ViT-B/16,650,True,True,True,3,3
CLIP ViT-B/16,651,True,True,True,35,35
CLIP ViT-B/16,652,True,True,True,15,15
CLIP ViT-B/16,653,True,True,True,10,10
CLIP ViT-B/16,654,True,True,True,8,8
CLIP ViT-B/16,655,True,True,True,3,3
CLIP ViT-B/16,657,True,True,True,10,10
CLIP ViT-B/16,660,True,True,True,3,3
CLIP ViT-B/16,661,True,True,True,3,3
CLIP ViT-B/16,663,True,True,True,100,100
CLIP ViT-B/16,665,True,True,True,90,90
CLIP ViT-B/16,666,True,True,True,3,3
CLIP ViT-B/16,668,True,True,True,3,3
CLIP ViT-B/16,670,False,False,False,100,100
CLIP ViT-B/16,672,True,True,True,8,8
CLIP ViT-B/16,673,True,True,True,3,3
CLIP ViT-B/16,674,True,True,True,3,3
CLIP ViT-B/16,675,True,True,True,33,33
CLIP ViT-B/16,676,True,True,True,13,13
CLIP ViT-B/16,677,True,True,True,13,13
CLIP ViT-B/16,680,True,True,True,8,8
CLIP ViT-B/16,681,True,True,True,13,13
CLIP ViT-B/16,682,True,True,True,3,3
CLIP ViT-B/16,684,True,True,True,28,28
CLIP ViT-B/16,685,True,True,True,5,5
CLIP ViT-B/16,686,True,True,True,5,5
CLIP ViT-B/16,687,False,False,False,100,100
CLIP ViT-B/16,689,False,False,False,100,100
CLIP ViT-B/16,690,True,True,True,5,5
CLIP ViT-B/16,691,True,True,True,3,3
CLIP ViT-B/16,692,True,True,True,8,8
CLIP ViT-B/16,693,True,True,True,10,10
CLIP ViT-B/16,694,True,True,True,43,43
CLIP ViT-B/16,695,True,True,True,28,28
CLIP ViT-B/16,696,True,True,True,25,25
CLIP ViT-B/16,697,True,True,True,3,3
CLIP ViT-B/16,698,False,False,False,100,100
CLIP ViT-B/16,699,False,False,False,100,100
CLIP ViT-B/16,700,True,True,True,8,8
CLIP ViT-B/16,702,True,True,True,3,3
CLIP ViT-B/16,703,True,True,True,20,20
CLIP ViT-B/16,704,True,True,True,3,3
CLIP ViT-B/16,706,False,False,False,100,100
CLIP ViT-B/16,707,True,True,True,35,35
CLIP ViT-B/16,710,True,True,True,23,23
CLIP ViT-B/16,711,True,True,True,20,20
CLIP ViT-B/16,712,True,True,True,30,30
CLIP ViT-B/16,713,True,True,True,20,20
CLIP ViT-B/16,715,True,True,True,15,15
CLIP ViT-B/16,716,True,True,True,3,3
CLIP ViT-B/16,717,True,True,True,3,3
CLIP ViT-B/16,718,True,True,True,3,3
CLIP ViT-B/16,719,True,True,True,23,23
CLIP ViT-B/16,720,True,True,True,10,10
CLIP ViT-B/16,721,True,True,True,5,5
CLIP ViT-B/16,723,True,True,True,3,3
CLIP ViT-B/16,724,True,True,True,5,5
CLIP ViT-B/16,726,True,True,True,8,8
CLIP ViT-B/16,727,True,True,True,8,8
CLIP ViT-B/16,728,True,True,True,3,3
CLIP ViT-B/16,729,True,True,True,3,3
CLIP ViT-B/16,730,True,True,True,3,3
CLIP ViT-B/16,731,True,True,True,3,3
CLIP ViT-B/16,732,True,True,True,3,3
CLIP ViT-B/16,733,True,True,True,20,20
CLIP ViT-B/16,734,True,True,True,3,3
CLIP ViT-B/16,735,True,True,True,8,8
CLIP ViT-B/16,737,True,True,True,28,28
CLIP ViT-B/16,738,True,True,True,3,3
CLIP ViT-B/16,739,True,True,True,3,3
CLIP ViT-B/16,740,True,True,True,33,33
CLIP ViT-B/16,741,True,True,True,20,20
CLIP ViT-B/16,742,True,True,True,20,20
CLIP ViT-B/16,744,False,False,False,100,100
CLIP ViT-B/16,745,True,True,True,20,20
CLIP ViT-B/16,747,True,True,True,3,3
CLIP ViT-B/16,748,True,True,True,3,3
CLIP ViT-B/16,749,True,True,True,3,3
CLIP ViT-B/16,750,True,True,True,10,10
CLIP ViT-B/16,751,True,True,True,10,10
CLIP ViT-B/16,754,True,True,True,18,18
CLIP ViT-B/16,755,True,True,True,3,3
CLIP ViT-B/16,756,True,True,True,3,3
CLIP ViT-B/16,757,True,True,True,5,5
CLIP ViT-B/16,759,False,False,False,100,100
CLIP ViT-B/16,760,True,True,True,34,34
CLIP ViT-B/16,761,True,True,True,3,3
CLIP ViT-B/16,762,True,True,True,10,10
CLIP ViT-B/16,763,True,True,True,24,24
CLIP ViT-B/16,765,True,True,True,45,45
CLIP ViT-B/16,766,True,True,True,5,5
CLIP ViT-B/16,767,True,True,True,5,5
CLIP ViT-B/16,768,True,True,True,3,3
CLIP ViT-B/16,769,True,True,True,3,3
CLIP ViT-B/16,770,True,True,True,18,18
CLIP ViT-B/16,771,True,True,True,3,3
CLIP ViT-B/16,773,True,True,True,5,5
CLIP ViT-B/16,775,True,True,True,3,3
CLIP ViT-B/16,777,True,True,True,15,15
CLIP ViT-B/16,778,True,True,True,3,3
CLIP ViT-B/16,780,True,True,True,3,3
CLIP ViT-B/16,781,True,True,True,10,10
CLIP ViT-B/16,782,True,True,True,3,3
CLIP ViT-B/16,783,True,True,True,10,10
CLIP ViT-B/16,784,True,True,True,3,3
CLIP ViT-B/16,786,True,False,False,100,100
CLIP ViT-B/16,787,True,True,True,5,5
CLIP ViT-B/16,788,True,True,True,3,3
CLIP ViT-B/16,790,False,False,False,100,100
CLIP ViT-B/16,791,True,True,True,3,3
CLIP ViT-B/16,793,True,True,True,3,3
CLIP ViT-B/16,794,True,True,True,15,15
CLIP ViT-B/16,795,True,True,True,20,20
CLIP ViT-B/16,797,True,True,True,10,10
CLIP ViT-B/16,798,True,True,True,3,3
CLIP ViT-B/16,799,True,True,True,3,3
CLIP ViT-B/16,800,True,True,True,3,3
CLIP ViT-B/16,801,True,True,True,10,10
CLIP ViT-B/16,802,True,True,True,3,3
CLIP ViT-B/16,803,True,True,True,10,10
CLIP ViT-B/16,804,True,True,True,8,8
CLIP ViT-B/16,805,True,True,True,5,5
CLIP ViT-B/16,806,False,False,False,100,100
CLIP ViT-B/16,807,True,True,True,13,13
CLIP ViT-B/16,808,True,True,True,10,10
CLIP ViT-B/16,809,True,True,True,3,3
CLIP ViT-B/16,810,True,True,True,18,18
CLIP ViT-B/16,812,False,False,False,100,100
CLIP ViT-B/16,813,True,True,True,30,30
CLIP ViT-B/16,814,True,True,True,15,15
CLIP ViT-B/16,816,True,True,True,8,8
CLIP ViT-B/16,817,True,True,True,3,3
CLIP ViT-B/16,818,False,False,False,100,100
CLIP ViT-B/16,819,True,True,True,5,5
CLIP ViT-B/16,820,True,True,True,3,3
CLIP ViT-B/16,821,True,True,True,8,8
CLIP ViT-B/16,822,False,False,False,100,100
CLIP ViT-B/16,823,False,False,False,100,100
CLIP ViT-B/16,826,True,True,True,65,65
CLIP ViT-B/16,827,True,True,True,3,3
CLIP ViT-B/16,828,True,True,True,3,3
CLIP ViT-B/16,829,True,True,True,3,3
CLIP ViT-B/16,831,False,False,False,100,100
CLIP ViT-B/16,832,True,True,True,3,3
CLIP ViT-B/16,833,True,True,True,8,8
CLIP ViT-B/16,835,True,True,True,15,15
CLIP ViT-B/16,836,True,True,True,8,8
CLIP ViT-B/16,837,False,False,False,100,100
CLIP ViT-B/16,841,True,True,True,3,3
CLIP ViT-B/16,842,False,False,False,100,100
CLIP ViT-B/16,843,True,True,True,5,5
CLIP ViT-B/16,844,True,True,True,25,25
CLIP ViT-B/16,845,True,True,True,3,3
CLIP ViT-B/16,846,True,True,True,3,3
CLIP ViT-B/16,847,True,True,True,13,13
CLIP ViT-B/16,848,True,True,True,3,3
CLIP ViT-B/16,849,True,True,True,3,3
CLIP ViT-B/16,851,True,True,True,3,3
CLIP ViT-B/16,852,False,False,False,100,100
CLIP ViT-B/16,853,True,True,True,5,5
CLIP ViT-B/16,854,True,True,True,10,10
CLIP ViT-B/16,855,True,True,True,8,8
CLIP ViT-B/16,856,True,True,True,8,8
CLIP ViT-B/16,857,True,True,True,3,3
CLIP ViT-B/16,859,True,True,True,8,8
CLIP ViT-B/16,860,True,True,True,25,25
CLIP ViT-B/16,861,True,True,True,5,5
CLIP ViT-B/16,862,True,True,True,13,13
CLIP ViT-B/16,864,False,False,False,100,100
CLIP ViT-B/16,865,True,True,True,3,3
CLIP ViT-B/16,866,False,False,False,100,100
CLIP ViT-B/16,867,True,True,True,8,8
CLIP ViT-B/16,869,True,True,True,5,5
CLIP ViT-B/16,870,True,True,True,21,21
CLIP ViT-B/16,871,False,False,False,100,100
CLIP ViT-B/16,872,True,True,True,3,3
CLIP ViT-B/16,873,True,True,True,53,53
CLIP ViT-B/16,874,True,True,True,3,3
CLIP ViT-B/16,875,True,True,True,3,3
CLIP ViT-B/16,877,True,True,True,3,3
CLIP ViT-B/16,879,True,True,True,23,23
CLIP ViT-B/16,880,True,True,True,3,3
CLIP ViT-B/16,881,True,True,True,3,3
CLIP ViT-B/16,882,True,True,True,5,5
CLIP ViT-B/16,883,True,True,True,3,3
CLIP ViT-B/16,884,False,False,False,100,100
CLIP ViT-B/16,885,True,True,True,3,3
CLIP ViT-B/16,886,True,True,True,3,3
CLIP ViT-B/16,887,True,True,True,3,3
CLIP ViT-B/16,888,True,True,True,5,5
CLIP ViT-B/16,889,True,True,True,3,3
CLIP ViT-B/16,890,True,True,True,3,3
CLIP ViT-B/16,891,True,True,True,73,73
CLIP ViT-B/16,892,True,True,True,8,8
CLIP ViT-B/16,894,True,True,True,3,3
CLIP ViT-B/16,896,True,True,True,15,15
CLIP ViT-B/16,897,True,True,True,5,5
CLIP ViT-B/16,898,True,True,True,8,8
CLIP ViT-B/16,899,True,True,True,18,18
CLIP ViT-B/16,902,True,True,True,5,5
CLIP ViT-B/16,903,True,True,True,3,3
CLIP ViT-B/16,904,True,True,True,18,18
CLIP ViT-B/16,905,True,True,True,3,3
CLIP ViT-B/16,906,True,True,True,15,15
CLIP ViT-B/16,907,True,True,True,3,3
CLIP ViT-B/16,908,True,True,True,20,20
CLIP ViT-B/16,909,True,True,True,60,60
CLIP ViT-B/16,910,True,True,True,3,3
CLIP ViT-B/16,911,True,True,True,3,3
CLIP ViT-B/16,912,True,True,True,3,3
CLIP ViT-B/16,913,True,True,True,5,5
CLIP ViT-B/16,914,True,True,True,50,50
CLIP ViT-B/16,916,True,True,True,30,30
CLIP ViT-B/16,917,True,True,True,3,3
CLIP ViT-B/16,918,True,True,True,3,3
CLIP ViT-B/16,920,True,True,True,8,8
CLIP ViT-B/16,921,True,True,True,3,3
CLIP ViT-B/16,922,True,True,True,3,3
CLIP ViT-B/16,923,True,True,True,5,5
CLIP ViT-B/16,924,True,True,True,43,43
CLIP ViT-B/16,925,True,True,True,13,13
CLIP ViT-B/16,926,True,True,True,3,3
CLIP ViT-B/16,927,True,True,True,30,30
CLIP ViT-B/16,928,True,True,True,15,15
CLIP ViT-B/16,929,True,True,True,15,15
CLIP ViT-B/16,931,True,True,True,14,14
CLIP ViT-B/16,932,False,False,False,100,100
CLIP ViT-B/16,933,False,False,False,100,100
CLIP ViT-B/16,935,True,True,True,25,25
CLIP ViT-B/16,936,False,False,False,100,100
CLIP ViT-B/16,937,True,True,True,13,13
CLIP ViT-B/16,938,True,True,True,25,25
CLIP ViT-B/16,939,True,True,True,3,3
CLIP ViT-B/16,940,True,True,True,3,3
CLIP ViT-B/16,942,True,True,True,3,3
CLIP ViT-B/16,946,True,True,True,5,5
CLIP ViT-B/16,947,True,True,True,3,3
CLIP ViT-B/16,949,True,True,True,3,3
CLIP ViT-B/16,950,True,True,True,3,3
CLIP ViT-B/16,952,True,True,True,15,15
CLIP ViT-B/16,957,True,True,True,3,3
CLIP ViT-B/16,958,True,True,True,5,5
CLIP ViT-B/16,960,True,True,True,3,3
CLIP ViT-B/16,961,True,True,True,3,3
CLIP ViT-B/16,962,True,True,True,28,28
CLIP ViT-B/16,963,True,True,True,3,3
CLIP ViT-B/16,964,True,True,True,3,3
CLIP ViT-B/16,965,True,True,True,3,3
CLIP ViT-B/16,966,False,False,False,100,100
CLIP ViT-B/16,967,True,True,True,18,18
CLIP ViT-B/16,969,True,True,True,18,18
CLIP ViT-B/16,970,True,True,True,5,5
CLIP ViT-B/16,971,True,True,True,15,15
CLIP ViT-B/16,973,True,True,True,8,8
CLIP ViT-B/16,974,True,True,True,5,5
CLIP ViT-B/16,975,True,True,True,5,5
CLIP ViT-B/16,976,True,True,True,28,28
CLIP ViT-B/16,977,True,True,True,3,3
CLIP ViT-B/16,978,True,True,True,13,13
CLIP ViT-B/16,979,True,True,True,3,3
CLIP ViT-B/16,980,False,False,False,100,100
CLIP ViT-B/16,981,False,False,False,100,100
CLIP ViT-B/16,982,False,False,False,100,100
CLIP ViT-B/16,984,False,False,False,100,100
CLIP ViT-B/16,985,True,True,True,8,8
CLIP ViT-B/16,987,True,True,True,3,3
CLIP ViT-B/16,988,True,True,True,3,3
CLIP ViT-B/16,989,True,True,True,3,3
CLIP ViT-B/16,991,True,True,True,8,8
CLIP ViT-B/16,993,True,True,True,3,3
CLIP ViT-B/16,994,True,True,True,3,3
CLIP ViT-B/16,995,False,False,False,100,100
CLIP ViT-B/16,997,True,True,True,3,3
CLIP ViT-B/16,998,True,True,True,3,3
CLIP ViT-B/16,999,False,False,False,100,100
